index,Class_ID,Student_ID,sex,age,major
1,Class1,8b6d1125760bd3939b6e,female,24,J23517
2,Class1,63eef37311aaac915a45,female,21,J87654
3,Class1,5d89810b20079366fcc2,female,23,J87654
4,Class1,47eeab842793b09300c3,female,21,J78901
5,Class1,a8eea517e36b20757b2e,male,22,J40192
6,Class1,e89cdaa3f159a0d3f55e,male,19,J57489
7,Class1,e324cc9cb52a2b3cb9cb,male,21,J78901
8,Class1,98e10f84d94623f8b39e,male,18,J57489
9,Class1,3c89c7f1db26ae691db8,male,21,J40192
10,Class1,9ea29e4a747ea4a7c70a,female,24,J78901
11,Class1,e23ada44d3eac9b465d2,male,23,J87654
12,Class1,b79c2d9d8148403a3720,female,20,J57489
13,Class1,01d8aa21ef476b66c573,male,18,J87654
14,Class1,9417c1b4c24e428984bc,male,18,J78901
15,Class1,3d63ba961a5f3a60616a,male,23,J78901
16,Class1,57709f904b1cc9ec60b1,female,20,J40192
17,Class1,8979427badebb9e2bd10,female,18,J23517
18,Class1,6e7d56f652020f046204,male,24,J40192
19,Class1,03aa0b20dd4af1888eef,male,22,J23517
20,Class1,1b25734414fcc7466153,male,18,J57489
21,Class1,8777bd09f180d330b147,female,20,J78901
22,Class1,8b1fbc97391699e46cef,female,23,J57489
23,Class1,dc83f9577ae72447a7b1,female,18,J23517
24,Class1,be503fccbf0ae5532639,male,23,J40192
25,Class1,cd6355bf939a47577f6d,female,24,J78901
26,Class1,fb4411db1aac3cd2544b,female,22,J23517
27,Class1,f06c3ddb1a98713eeb32,male,23,J87654
28,Class1,bca2be7a89b9b36b45cc,male,21,J40192
29,Class1,f058870b1bc33e288e82,male,20,J78901
30,Class1,a1fa76b5d99a411d6649,female,22,J78901
31,Class1,79ea7a2f63285f2fe26b,male,19,J57489
32,Class1,54826f4abf592713d585,female,19,J57489
33,Class1,e716574233e87591ff19,male,23,J78901
34,Class1,bab3d23935ae4f8e798c,male,23,J78901
35,Class1,d2403aa287eb869a170a,male,21,J23517
36,Class1,ce1a32f22b91f4d81015,female,22,J40192
37,Class1,d0a933a514028d777578,female,21,J40192
38,Class1,81c4c46f19cb21d54bbb,male,19,J57489
39,Class1,876aca2b8ce1958ea773,female,19,J40192
40,Class1,c57c5ca2df494f27ca64,male,19,J40192
41,Class1,64d1d58d40bca568347c,female,23,J78901
42,Class1,75c2677c8d156032e303,female,18,J87654
43,Class1,b345ecad87a7fbac77ce,female,20,J23517
44,Class1,360820d6620d17d1b48b,female,21,J87654
45,Class1,7086b49d3d6c2cf79c1a,male,21,J57489
46,Class1,cac3f85073c947532796,female,19,J87654
47,Class1,e37bbe9fe37f92b785d9,female,19,J78901
48,Class1,0a8736f6520cea837d94,male,24,J78901
49,Class1,37ae91c472189108a737,female,20,J87654
50,Class1,488934d01a504bc212b4,female,23,J23517
51,Class1,545eb6c8154273344669,male,19,J57489
52,Class1,22ae866c664a147f9971,female,23,J78901
53,Class1,86215294b080f19af22f,female,21,J78901
54,Class1,1e25b47eaef62694a236,male,19,J78901
55,Class1,580e98185da72b5f34cd,male,20,J23517
56,Class1,99d6b8a1cc0020112951,male,19,J40192
57,Class1,ff59855075a6bc39d62b,male,23,J78901
58,Class1,8d422b817027d7721870,male,22,J23517
59,Class1,18cdd44af62c6935e7a0,female,19,J78901
60,Class1,c00c91256ab1777d0dbc,male,20,J57489
61,Class1,10de703c06bf9d873d68,female,19,J23517
62,Class1,t3wo8xb4rq94n3fpfk35,male,20,J78901
63,Class1,8cvzwcc62ql4rqj0pyzl,male,19,J57489
64,Class1,79cvflltnemb9zpg6pgl,male,18,J78901
65,Class1,i21qi5qdsjqcch2xvdd5,male,21,J87654
66,Class1,qw1seyo5nrhlm8vby58w,female,23,J23517
67,Class1,exj3a7hd6gwihbowgm3w,female,22,J57489
68,Class1,qz6jjynwbd3szlp0rj04,female,22,J23517
69,Class1,0maggb1hf886m5u6p2vr,male,21,J87654
70,Class1,cuwakm24vlp785ky5w71,male,18,J87654
71,Class1,uvh2zil455wi0dcdan51,female,24,J78901
72,Class1,wwh529n48kyjq1xe9h46,male,24,J78901
73,Class1,o5lo8q4tb8yt0v8imkw4,female,19,J40192
74,Class1,pr6b1twg5sgsrzek6adi,male,22,J40192
75,Class1,zeuj2ypen39p38d4m3oj,male,24,J40192
76,Class1,6o68qswzkvrrtbiz6bzr,female,18,J40192
77,Class1,1mp9yiw6rkrr3846047g,male,21,J23517
78,Class1,lzvutqpj9ggc0nwwsxcv,male,21,J87654
79,Class1,isa355t9q5rut5fm8aml,male,19,J78901
80,Class1,5gs9643ghg39gpkgi3e5,female,18,J57489
81,Class1,ao2x473zwn7k7a6gpfr9,female,18,J57489
82,Class1,jwdjcrxdn0um79f0rjvw,female,24,J78901
83,Class1,oppl3ojvw61dvd5yw1wl,female,24,J40192
84,Class1,s0vfgmhobw9jq6al8iww,female,20,J57489
85,Class1,styld7k1gge5cvjria5b,male,22,J23517
86,Class1,fvurnsqlgyr9zbd6msqs,male,22,J57489
87,Class1,47vclaej1xmb0rc8kgka,female,18,J23517
88,Class1,cnkddx6ofjqd7ueylz0e,female,20,J87654
89,Class1,zlaig56ve06t7jruk2mr,female,18,J57489
90,Class1,ifj584ryrjv639n4nnsu,female,18,J87654
91,Class1,xh8a7nmtz192pknhec33,female,24,J78901
92,Class1,vhlntoniujqiclub2juy,male,20,J87654
93,Class1,9wax6sfj9cuqbbxc95om,male,21,J87654
94,Class1,oit2xadfbpuveswzx4pf,female,21,J40192
95,Class1,91ybnlkli8x332l13rrk,female,24,J87654
96,Class1,k4usquerebza4uy0i57h,male,19,J57489
97,Class10,119b36a5797d5ce69625,male,18,J87654
98,Class10,ee07cc24589beb775d33,male,23,J40192
99,Class10,44c7cf3881ae07f7fb3e,female,24,J23517
100,Class10,c681117f7f586fd730bb,female,23,J87654
101,Class10,1cfe33c5b178a0c2367f,male,23,J78901
102,Class10,6496d6268092ef8e7e9d,male,19,J40192
103,Class10,00cbf05221bb479e66c3,female,19,J23517
104,Class10,5963ba5cd9d242a00e22,male,21,J87654
105,Class10,9a630f9e9f4ec26d8fcd,male,24,J23517
106,Class10,21e23771e52cb5291b19,male,19,J87654
107,Class10,9c48779f6e97be993771,female,24,J78901
108,Class10,9795edf22e930bc30fa4,male,22,J57489
109,Class10,bf07cdd92f1ff3197397,male,18,J40192
110,Class10,7742559d8e833fbcd326,female,24,J87654
111,Class10,8a45d6748ec853f7694c,male,22,J57489
112,Class10,d3e269bf68d51851097c,female,21,J23517
113,Class10,8f1ddd99ac8c59bbd788,male,19,J87654
114,Class10,03b463f52c0fff35433b,female,21,J57489
115,Class10,b7f42d4b51972267680e,female,19,J23517
116,Class10,a1d00fdd7660b7e88077,male,24,J23517
117,Class10,ac7214620207dfdd149d,female,24,J87654
118,Class10,117ee98c7f916c88ddbb,male,19,J40192
119,Class10,91439fcb2590c49dd20d,female,24,J40192
120,Class10,53d51965c40a54cff1a0,male,23,J57489
121,Class10,efd58fbebca61c41c881,female,23,J23517
122,Class10,be75e05b9db5efb1258a,female,19,J23517
123,Class10,a337d5368b0d110803b1,male,23,J23517
124,Class10,204a7d6db340a3c18ca7,female,19,J78901
125,Class10,97442da123c449f6a146,female,22,J23517
126,Class10,cac84b1c3033872272f0,female,18,J57489
127,Class10,882ccee198e25b49b30d,male,19,J57489
128,Class10,8068144149e4ba65ef38,female,23,J78901
129,Class10,d035c324a020e7948fe8,female,19,J57489
130,Class10,e43a0e28d5cd6b54a2af,male,20,J87654
131,Class10,3565d61f3efec69e611c,male,24,J57489
132,Class10,e7feb8599ea5f596aeac,female,23,J57489
133,Class10,8ca890875272aede0af5,male,23,J40192
134,Class10,2150588a5903d9a77b79,male,21,J40192
135,Class10,e2d7ee3637149f7087b2,male,18,J40192
136,Class10,bd8eb49a6b08f5e66a70,female,22,J78901
137,Class10,915813ad1b5f1bbe2d6e,male,20,J40192
138,Class10,38357be0ab369a9ae942,male,19,J40192
139,Class10,798ff22d126a0f8034ff,female,23,J87654
140,Class10,4cb96f0d9108066442a8,male,19,J23517
141,Class10,cfaac49f7cc94528ffa7,male,18,J78901
142,Class10,89af2669cc93dc97f545,male,19,J87654
143,Class10,41abb1b9df74d29b7732,male,21,J87654
144,Class10,a5c03c57b0930cb5c2ac,female,21,J87654
145,Class10,ef133c92e274a97b6eeb,male,19,J87654
146,Class10,fnvhgnuqbir0drk8p1v2,male,24,J78901
147,Class10,zse4s5wowlo5xntqyqb4,female,24,J40192
148,Class10,wyhkcaf32y8h3707qzrz,male,23,J23517
149,Class10,2egpenarap9h0a2k0bc5,male,21,J40192
150,Class10,cfi8t4xrx12m2lt4flwz,female,23,J40192
151,Class10,t8sflynjwck4f650mtvp,male,21,J57489
152,Class10,pva49fsfcbexwz1crjvg,female,23,J87654
153,Class10,lswzzwjmreuixxjqglhy,female,23,J23517
154,Class10,votyzmo33yg7y89dag17,female,23,J87654
155,Class10,cy2sv8kkoybje2okbll0,male,21,J87654
156,Class10,jsmqh4aa20rpfeqmyx4h,male,24,J87654
157,Class10,ss27ig83t1pi1ztsy5w8,female,24,J78901
158,Class10,7rzwry01x1n79a7rw5va,female,23,J40192
159,Class10,yvyud23n1eara086vntf,male,20,J57489
160,Class10,9btb3ax7qaitktvbvn8g,male,20,J40192
161,Class10,vrx3ianblcyuixzmhzl2,male,24,J23517
162,Class10,qmf8702zbahi9083s7aq,female,21,J87654
163,Class10,13nq2h723zixyhir01lf,male,19,J57489
164,Class10,ta1gbqs6pw15bx0jb5on,female,18,J40192
165,Class10,jhmn3s11l13woe6jy3zg,male,20,J78901
166,Class10,w0u7vzowm7eimiupvmm3,female,22,J78901
167,Class10,2h9c9tdsnoz1hyzo5frt,male,19,J87654
168,Class10,vou4hlfvp8hv0r4odzq6,male,20,J40192
169,Class10,6g7c63m95z8acd3vx5ct,male,21,J78901
170,Class10,te17utf5x961ldgs8zwn,male,21,J40192
171,Class10,csvv3l0saxxx6pax18c3,female,21,J57489
172,Class10,kg28tppvvsvr918dkvlb,male,20,J87654
173,Class10,28tmrs0kyrrh1odyvf21,male,21,J57489
174,Class10,l82rq4xaymt7t5uytax9,female,19,J23517
175,Class10,jb3fqd2b9oyprn83h646,female,23,J57489
176,Class10,oyaoqkf2b1we4b67bv8l,female,23,J57489
177,Class10,l2yv9tvvcakn7ikerccy,male,23,J87654
178,Class10,xz7x7kwsn26marn29mag,female,20,J87654
179,Class10,qg0soq1i1uy7yndj17gd,male,21,J78901
180,Class10,8ivuhc6n7pr63b39dupt,male,20,J40192
181,Class11,139429592a9c23c08b71,male,21,J87654
182,Class11,b217bae3c84d59dde71f,male,22,J87654
183,Class11,e50db74322430aa289b1,female,18,J23517
184,Class11,4388d48ebff4cf866ecd,male,24,J57489
185,Class11,cef765c4375252a6029b,female,20,J87654
186,Class11,3ac65fbc295f5fbd2ff7,female,19,J78901
187,Class11,e73ae5f649c6f52b3fb1,female,20,J23517
188,Class11,b57bc31cac59b3d26216,female,24,J23517
189,Class11,132c90d4a027a4477ad0,male,23,J57489
190,Class11,33c123d08dc07edb50f9,male,19,J78901
191,Class11,9f447b50d5788f7b4d0a,male,22,J57489
192,Class11,23f1f5d3d90e2890a423,female,24,J40192
193,Class11,34aaaa47df8c4aa4d926,male,19,J40192
194,Class11,875704a45c0214c68eae,male,22,J57489
195,Class11,c5c5e10586e94f96fe95,male,22,J40192
196,Class11,2a003b122e9500e465c4,male,19,J87654
197,Class11,533bc4c6716035e694ac,male,24,J87654
198,Class11,a624e4f6e0a8f026cba9,male,20,J40192
199,Class11,7509bbe0d23fe15928ba,female,21,J78901
200,Class11,eb93cedc17b4eac76750,male,23,J23517
201,Class11,1feef8b4129f5bf21e67,male,22,J23517
202,Class11,951d2aca1b8a1c336908,male,23,J87654
203,Class11,49b95110a8c59f6b6c58,female,23,J57489
204,Class11,b8c0c68e7f1220949deb,female,20,J40192
205,Class11,451b0095938a3c54efc4,male,24,J78901
206,Class11,e4c80506c14da4ad563d,female,23,J40192
207,Class11,25019b8f1c3ac537894b,male,19,J78901
208,Class11,4884f3bdc068ef01e042,male,24,J23517
209,Class11,b43532c7a35b6aedd478,female,24,J23517
210,Class11,f9c641e9c05c243a751e,male,18,J78901
211,Class11,960bf72352d4f58ad083,male,23,J57489
212,Class11,0557b1363a5092b5811f,female,20,J40192
213,Class11,091554ffa26fc9b17c36,female,21,J23517
214,Class11,d7ad1a5f3ab7d6237f8e,female,23,J87654
215,Class11,e4d6737b176e6ca5ef06,male,22,J87654
216,Class11,5914db0d4427b322e8af,female,24,J57489
217,Class11,6314d7cbc465e29f357c,female,23,J78901
218,Class11,d2cb0d0da17471ee23a9,male,22,J78901
219,Class11,75dcc10ba89fd0c25d50,male,21,J23517
220,Class11,98be3476791a8df7e937,male,21,J40192
221,Class11,29172d2e39ca0d890848,female,23,J78901
222,Class11,b083663157e08e36d335,female,20,J23517
223,Class11,48ad93c227abfa9542aa,female,24,J40192
224,Class11,3ab864e1e692786fefd2,female,24,J23517
225,Class11,3b6f3bb370f3107e257d,female,24,J87654
226,Class11,a12c27630a75f6a4a64a,female,24,J23517
227,Class11,hq2dy5tjgczdmkvq0l2d,female,23,J78901
228,Class11,4a0890c15c26984c191f,female,22,J87654
229,Class11,a0b36e07079573966740,male,19,J78901
230,Class11,852687af72e9ee38fb42,male,18,J23517
231,Class11,9723ceb0cf2dca42c118,male,22,J57489
232,Class11,bd657014cfd3fe7a8fe2,female,18,J57489
233,Class11,2xk6toebmkxdw8f2bypd,female,22,J23517
234,Class11,02068067a434adb6556a,female,18,J23517
235,Class11,3531c5f9d520759ba697,male,21,J57489
236,Class11,037a76bc8e6bf5fe1fc0,male,18,J78901
237,Class11,c08165d73ae49215c391,male,19,J78901
238,Class11,84146496b8d6256d6982,male,21,J78901
239,Class11,5be7405ad4ae9d9a2853,female,21,J87654
240,Class11,avehb7ibwpvjcgcr474k,female,21,J23517
241,Class11,sfmngecoi3b7ahvhi2k6,female,18,J57489
242,Class11,1f4oscu6io8xlog2157e,female,20,J87654
243,Class11,gj009a2t56bxjluh0mox,male,19,J40192
244,Class11,ov1tvylbnny48ojayssl,male,22,J23517
245,Class11,qw19zri3d9vkqjhcn3xk,male,18,J78901
246,Class11,yesnbayr80dvsb8ajp9v,male,18,J78901
247,Class11,msko5bf6rjt9adsuxby9,female,23,J57489
248,Class11,8hn55e1bxuyegxa76l3r,male,21,J57489
249,Class11,t23e5lcdy5k50uvg5k0v,female,24,J87654
250,Class11,gsirdbny6840zq22vo7a,female,23,J87654
251,Class11,rb8z9vpc5uyhbcaa71v5,female,18,J40192
252,Class11,fcwom6dicy0kov3lxsf8,male,22,J23517
253,Class11,1nyzl7s790ta4c8r1l9g,male,18,J40192
254,Class11,rdf3wmujcm1k56ftf8uc,male,24,J40192
255,Class11,40rkj6cwy12hdupgq4w2,female,23,J23517
256,Class11,obyl72l5qy37to65i5ml,female,20,J87654
257,Class11,sx8c4g672zgcw7w2lflp,male,23,J23517
258,Class11,wj1gt5zvzfnjf7xcf1c8,female,21,J40192
259,Class11,p9a57kwg5xdwjzm8eql9,female,18,J23517
260,Class11,w9r5wihhl33fmutbq5qd,female,24,J57489
261,Class11,z0mde15metn3m79ek96y,male,18,J40192
262,Class11,udbo68xozj9btqumivk2,male,24,J78901
263,Class11,qu1rl2d6teeyti106rgx,female,23,J40192
264,Class11,i8wbhc071gfhkbhtmeb1,female,22,J78901
265,Class11,8l0qqik09gqh0e5anus0,female,19,J87654
266,Class11,7kqvekz6iho08947fhk9,female,24,J57489
267,Class11,148o63s7q5aitfxmmtrg,male,23,J78901
268,Class11,gk8izwg77g6t4p5buiar,male,21,J57489
269,Class11,70exfe4k4e5vvm5sqspq,female,19,J57489
270,Class11,e43g7im7dra88a4o8bbl,male,18,J40192
271,Class11,lqg2nmqf4x8w52gx12xw,female,19,J78901
272,Class11,lpzjucfyqwtb8ihim9b3,female,22,J40192
273,Class11,woxwsoo99kl7vq4mk0rr,female,18,J87654
274,Class11,gq3jw96afgct5rjiim20,male,20,J57489
275,Class11,hc0idvz0lxc4zpx94cbx,male,18,J23517
276,Class11,43vri1lqbgiiwbkaskqd,female,20,J87654
277,Class12,43d98a750c726bb39d11,male,21,J40192
278,Class12,5d16326e4577a67d94c6,female,21,J40192
279,Class12,e00bc7d9f2ce32c4f745,female,19,J23517
280,Class12,21fc5674d24be8e9da89,male,23,J40192
281,Class12,a7fc1ba478db11fde063,male,18,J40192
282,Class12,63ff3dff3eb31d62ab3e,male,23,J78901
283,Class12,4edfd2e1b7c5c5d1d384,female,19,J87654
284,Class12,cbc8550ffaf44443c7ad,male,18,J57489
285,Class12,766836b5f30556e81da4,female,22,J78901
286,Class12,df02e3643bb9ee33fb0c,male,20,J40192
287,Class12,f5c3c6eb77fac482de13,female,19,J78901
288,Class12,5f8d87412f69e3d9fb13,male,24,J57489
289,Class12,6923e581d76689cb57a1,female,19,J78901
290,Class12,e865c97bc96802575f80,male,24,J78901
291,Class12,fb5d5693ffa9f022a191,female,23,J23517
292,Class12,1bd9bb053a3ac1bba507,male,23,J78901
293,Class12,49ef48443e09f8be12f6,female,23,J23517
294,Class12,def1216bf8f3009dbe41,female,20,J40192
295,Class12,d02f48d05ce5e7ca16e1,male,23,J40192
296,Class12,6b22922bfe081d68c7a6,female,23,J87654
297,Class12,baed8a816ea02ae929f4,female,19,J40192
298,Class12,dee7cfe3312551bdf5a5,female,19,J23517
299,Class12,ef912a5602a5f70b244b,female,21,J23517
300,Class12,48a71a6a5a15e31084e3,male,21,J87654
301,Class12,16d68f70cf5e52d0b34a,male,20,J23517
302,Class12,ba8c301bda7090bda756,male,18,J87654
303,Class12,311abc37a94ae8afe41a,male,24,J23517
304,Class12,fdd50b3ad56dcf116c82,male,20,J78901
305,Class12,e22c18eef214a779b4c2,female,18,J23517
306,Class12,8711049a2e0ef13bb10c,male,24,J57489
307,Class12,9ef8a5baccebc3841cb2,male,18,J23517
308,Class12,adcc5c13042d66cbfc8b,female,23,J78901
309,Class12,54f91ccb08cbece520da,male,24,J57489
310,Class12,cb65e2038b786e801292,female,23,J23517
311,Class12,1f67cb2e7affbb00b6c8,male,22,J40192
312,Class12,45b6cc87a7e957f83027,female,21,J57489
313,Class12,ff2d815d9ef74b153b54,male,21,J87654
314,Class12,73ae359d8e93d41ae4ff,female,21,J57489
315,Class12,264320c6b92b92795ba0,female,22,J57489
316,Class12,504278569f7c6dff25e3,female,20,J78901
317,Class12,40eb36011ced9a882ea9,male,18,J40192
318,Class12,ed4b51eb098deb0ba58e,female,24,J40192
319,Class12,b4a2138f577d9306f593,male,21,J57489
320,Class12,76366e9c264169b2bae1,female,21,J57489
321,Class12,d059dfed16a6d1ca6ddf,female,19,J57489
322,Class12,0b828e1ae026c57b34dd,male,19,J23517
323,Class12,b1976734aee3bf129820,female,20,J57489
324,Class12,50673b01fd2b0c765572,male,24,J40192
325,Class12,b3ac0cebf20ee45135ca,female,24,J23517
326,Class12,74137c4db75be61c10fa,male,22,J87654
327,Class12,781f69b185122bfaddca,male,22,J78901
328,Class12,744e7141564ed216b812,female,24,J78901
329,Class12,3c1b9222136b752563f6,female,19,J57489
330,Class12,48a96425072cefa0dc69,female,22,J40192
331,Class12,8ee4fdce37fceab5620a,female,23,J23517
332,Class12,d6d4488fa27e11465974,male,19,J78901
333,Class12,6efd353d32bd3d908b23,female,19,J57489
334,Class12,4ca5c8ea55be09213d14,male,21,J40192
335,Class12,ec86426a6e0331d06091,female,18,J57489
336,Class12,09400a9b50b6c96c5510,female,19,J78901
337,Class12,f5jwwahac3fyc6rq5tex,male,24,J78901
338,Class12,mwmft9w9vjod1g7jidmb,female,24,J40192
339,Class12,zprxec1qxs8nqsmc5830,male,18,J40192
340,Class12,cygc6ulxpz04ex7under,female,24,J87654
341,Class12,m4qqnaq8p8fn7b7bl5ic,female,23,J87654
342,Class12,sx57v4y3hp52f9selxdo,male,19,J57489
343,Class12,ksm67082xy9g2wnalt38,female,23,J87654
344,Class12,58widcj6smafuwyqxw2m,female,18,J40192
345,Class12,n3dkt0eq0ekpby9lv06i,female,24,J87654
346,Class12,v4k20n9xryqdpe6fx42x,male,24,J57489
347,Class12,35wcdp4s13xmtyq5f7os,male,19,J23517
348,Class12,2ddkknvpbz2j9wlvybtj,male,20,J78901
349,Class12,10qi28ikwz4c4v22b06i,male,20,J78901
350,Class12,9b0guld0vdm0ggmmfb8k,male,18,J78901
351,Class12,1t6e0wa99fijxi3ssnzk,female,24,J23517
352,Class12,q1movls9kc4kglv6sb5g,female,22,J40192
353,Class12,628bztd9ybuth5efk7nw,female,22,J78901
354,Class12,vbgs2hp7aiiw880dpm1s,female,19,J87654
355,Class12,n2bgnbybijni2e9crs4x,male,21,J57489
356,Class12,scl0uh5ig9ehluvs46h2,female,22,J40192
357,Class12,uzk23hynw87co5ru0tr8,female,22,J87654
358,Class12,8wkyo305dh8esq6eop37,male,23,J40192
359,Class12,mm5p2ct8c21h4q753p3n,male,23,J40192
360,Class12,e58gk2f3crnwqnx0gett,female,19,J57489
361,Class12,2xsbkm76x36qvddrl2yo,female,20,J23517
362,Class12,sbb3va36jvpkdpj257ek,male,19,J78901
363,Class12,uon3zzl9a1zr5zmeodmr,female,20,J57489
364,Class12,erjfooit15024g7nj8co,female,20,J23517
365,Class12,pgrig4vo54owe59j2j5f,male,19,J40192
366,Class12,i8ryguu9cpkrb6ouhwqq,female,18,J23517
367,Class12,j07d6onchxesk14v7b8w,female,21,J57489
368,Class12,wfsgbko6rfmajn85khu4,male,21,J78901
369,Class12,0m8o7nuv982vnv3328qw,female,20,J87654
370,Class12,amzij11bls4wa79p3cj8,female,24,J40192
371,Class12,axunv0aihh5wvi27tx50,female,24,J87654
372,Class13,6837091518a3524730fb,female,19,J23517
373,Class13,b050239b47c66a7280c9,female,21,J40192
374,Class13,bc7286901f708e9069eb,female,21,J57489
375,Class13,e877c03b218bddedd3b8,male,23,J40192
376,Class13,8f9ecba976a15fa5d900,male,24,J23517
377,Class13,6cbcdec2dffbcf09a91a,female,24,J23517
378,Class13,fdd714a996ac8bd8006d,female,21,J87654
379,Class13,fc5a9edc3413ecece4bd,male,20,J78901
380,Class13,7bfbef4127aeec4b344e,male,19,J23517
381,Class13,b93d9fe2a844b416581d,male,21,J87654
382,Class13,df784e67883e018f88b8,male,23,J57489
383,Class13,9c2b85496091fd7f66d4,male,23,J23517
384,Class13,2842c82981077b78b3cd,male,24,J57489
385,Class13,6ab4994b59925a6d1bba,female,21,J23517
386,Class13,fc1c9dd58091c33d8888,male,18,J78901
387,Class13,01a691413dc5897db83f,male,18,J57489
388,Class13,374ff25490a1f0aba47f,male,20,J23517
389,Class13,424de2c5e2c1f5652cdc,female,18,J40192
390,Class13,5479f88afb95288d6392,male,23,J87654
391,Class13,ed94d52e091b68ca5ee5,male,24,J78901
392,Class13,db54f15d48fa56b0d953,male,20,J87654
393,Class13,6a62f52203bda35656be,female,21,J40192
394,Class13,0b02f701b1179f9f74f9,male,22,J87654
395,Class13,74e22a3421e605061ef1,male,18,J40192
396,Class13,de5213e7b8c88440a298,male,19,J57489
397,Class13,94a770d27cae58950a5b,male,20,J57489
398,Class13,5faa3d19e595ab735fda,male,20,J40192
399,Class13,cad61c88146ec4d99a6d,female,18,J23517
400,Class13,1d50eac067378042684b,male,21,J23517
401,Class13,c8d8f83d06b68fc2f944,male,21,J57489
402,Class13,72fbfd24cdff0454a0e2,male,23,J23517
403,Class13,768c216e172762b85899,female,19,J87654
404,Class13,306627b1ecbdf4e3aa34,male,23,J78901
405,Class13,0ef8b2c9e039eaace596,male,21,J23517
406,Class13,6b0cc09c9daf2966d1a7,female,23,J78901
407,Class13,b6b2f975de58052aae0c,female,22,J78901
408,Class13,071685b292483b04e836,female,19,J23517
409,Class13,2ea821273e01ec758583,female,22,J40192
410,Class13,552365f82674884bcaaa,female,23,J40192
411,Class13,cdbfb55b48cefce540dd,female,23,J57489
412,Class13,a867295d48d4b4134903,male,20,J87654
413,Class13,a9e1aff282e8d6356dce,male,21,J40192
414,Class13,0b16d35f1f39a063708a,female,22,J78901
415,Class13,a0973be15e5e7116f121,female,20,J87654
416,Class13,49a91a4dce6838ffcbcd,male,19,J87654
417,Class13,b5863cc5a1b448ca1cab,male,21,J57489
418,Class13,c7bb8ace7e79b91b3346,female,23,J57489
419,Class13,498121d2486259ef1b3a,male,24,J57489
420,Class13,3094825929f936abb792,male,22,J40192
421,Class13,897f6d3de550ebf68384,male,22,J40192
422,Class13,418f4730434eaced55a2,female,22,J78901
423,Class13,b7ef250772618a089b48,female,21,J57489
424,Class13,b37bdce835e610d26c0c,male,21,J78901
425,Class13,fef67841144f4c95a6c5,female,20,J57489
426,Class13,700915d303cc358e662a,male,24,J87654
427,Class13,ffe3886e3e3bab0249b5,male,18,J78901
428,Class13,emnk7ob7xxxdiph6fun3,female,22,J87654
429,Class13,78uyv6k6u49krocgtkzu,male,20,J87654
430,Class13,sie4alrjjjvlk0w9ye5l,female,18,J40192
431,Class13,95i3ttsko6c6ol53ebql,male,19,J78901
432,Class13,cz0pbk8vede7ey2oce4a,female,20,J78901
433,Class13,xvfa4ysm4deeobu8wkym,female,24,J57489
434,Class13,5slhcx7pnjhcmlbfffu6,female,20,J78901
435,Class13,5qfsd40k8fv54hc102p2,female,21,J78901
436,Class13,spyu1at0d9k1wxtenlhe,male,20,J78901
437,Class13,z23fh1v40p3hmxxspbo9,male,22,J78901
438,Class13,n20d6b4o2g64oaa3q8ym,female,20,J78901
439,Class13,yj708ceb2o5gueez45or,female,23,J57489
440,Class13,90z3slav21r61p88ksba,male,23,J23517
441,Class13,r28s9kyo7knrvytyvmt8,male,20,J87654
442,Class13,apxifjd35xfq6t47ysls,female,20,J23517
443,Class13,r4oklg89q3yx9o2dfq3q,male,24,J40192
444,Class13,4i0t5tq7o78lvc1zglgr,male,19,J78901
445,Class13,hz3im1vs42bx5rxbn7wh,male,21,J87654
446,Class13,icu31mfcha34dnwbsui2,female,21,J78901
447,Class13,1vb2vsoy23nr0monflhx,female,21,J40192
448,Class13,7iulsxm22wz4v82hgb2g,male,22,J23517
449,Class13,omzalmrzys0ymf4cgt03,male,19,J57489
450,Class13,nilkp0a54b01p87udccl,female,22,J78901
451,Class13,7ssihtyt72rzukfci0o1,male,19,J23517
452,Class13,ij9llitbhr4gi126l772,female,22,J57489
453,Class13,qxnna0of95m3oebjc84f,male,19,J78901
454,Class13,dt7s87imgsbma3l5scym,male,24,J23517
455,Class13,0m2kzubx9r60wyrsjj7j,male,24,J78901
456,Class13,wzfry2domlqnblox9w1b,male,19,J40192
457,Class13,otznu9tyqq50x0xij3br,male,19,J87654
458,Class13,wty9xgte39cr5rp39e50,male,18,J23517
459,Class13,5kqtdcvyt7rgqdoextw8,female,21,J57489
460,Class13,t5uf4x6hffga8in2ua6l,female,21,J23517
461,Class13,5dmn9cwdf4l1snqfjw1p,male,24,J57489
462,Class13,t8zrwu8iwkcdnwf3ruse,male,21,J78901
463,Class14,2b935bfe06ef02369807,female,18,J23517
464,Class14,71d0a8156e59c4dcedfd,male,19,J78901
465,Class14,6106e5232ac32bc22d1d,female,18,J87654
466,Class14,eb4493aa138e8edc3f6d,male,20,J57489
467,Class14,5d2379fb72082166dee3,male,19,J40192
468,Class14,2e40c1b07d32d3b80862,female,24,J57489
469,Class14,57f84519c468df122d69,male,22,J78901
470,Class14,64d65eddd629b80922f1,male,21,J57489
471,Class14,d311ac015e2e230935b2,male,24,J78901
472,Class14,33b73273ab8e1a11fcda,female,23,J57489
473,Class14,a1ed24a77c97b05064ef,male,23,J40192
474,Class14,f286ac7cd0663855cc5f,female,21,J23517
475,Class14,a3cd849a5a8d682e18db,female,18,J78901
476,Class14,e77eaaa90a75ea6167f4,male,24,J40192
477,Class14,faa31dca7ed1dd11fe44,male,21,J23517
478,Class14,00df647ee4bf7173642f,male,23,J57489
479,Class14,e0be3445997310f4d68e,male,18,J23517
480,Class14,cf73246d819a1ea78e14,female,20,J57489
481,Class14,b3e8039d33099e1d066c,male,24,J78901
482,Class14,b32b82ebae5971dd48df,male,20,J78901
483,Class14,9c39551b2cbe4f0c6d03,male,22,J57489
484,Class14,1ca19e51244cdd3f09ff,female,24,J87654
485,Class14,0eb6eec8b4bee8ab6a44,male,18,J87654
486,Class14,dc93d7d840a88e5efb17,female,20,J40192
487,Class14,c7d5a3256a9f99ba3e98,female,19,J40192
488,Class14,2b54ed4af8281eb82f58,female,21,J57489
489,Class14,c16e14d7aa5b4ef519e3,male,19,J87654
490,Class14,c53129098375fc7f17bc,male,20,J87654
491,Class14,953123cfe1c275e6d8a9,female,22,J40192
492,Class14,7b1d65c8c7637c14d9f2,male,18,J57489
493,Class14,855b21869c4fdbed8047,female,24,J40192
494,Class14,f63cab44b941c6ca80d6,female,22,J23517
495,Class14,4e4bb1f26e34ca0a13dc,male,23,J23517
496,Class14,7f58862bfed16feedfd6,female,19,J40192
497,Class14,a2b5174e55754addcd68,female,20,J57489
498,Class14,056ab41140f68c15db14,male,20,J57489
499,Class14,9369995cb6743cb69182,female,21,J87654
500,Class14,e5b30ace9334d153e076,male,24,J87654
501,Class14,367c27a001837dabb2e9,female,19,J57489
502,Class14,a3c8ab369e2e928ed523,male,19,J78901
503,Class14,06309f4c8785254f4c13,female,24,J78901
504,Class14,47b08a7751ab609be9e5,male,19,J23517
505,Class14,17f2d0e73044110cdea5,female,18,J87654
506,Class14,c200d8d792314a9d3575,male,19,J23517
507,Class14,84f116e542feb4ff69c0,female,18,J40192
508,Class14,mbbw64iibpv7ndj2iie1,male,24,J23517
509,Class14,hpty3h6eij2tr467ueks,female,23,J23517
510,Class14,ygc6nfsry40yon3nicac,female,22,J87654
511,Class14,th28zykgzvfex40v22hz,male,24,J57489
512,Class14,3dglsy7ee3ytfq1lpwlv,female,20,J87654
513,Class14,219jkfkejubvu4dvuv13,male,23,J57489
514,Class14,rgl39qjfatpnh3v4o28m,male,23,J40192
515,Class14,iqhpwbqkqi7kugzduhit,female,19,J57489
516,Class14,12s3yomv0kltozc1qxc4,female,22,J40192
517,Class14,qaubz3kt65qtoit8g4vi,male,23,J57489
518,Class14,0qamadarf6xhm9pm2jta,male,24,J40192
519,Class14,1eekhswi2ckx4uw0j1c9,male,22,J40192
520,Class14,80xvovy2zizaj5kr0va5,female,23,J78901
521,Class14,hva2hcwvh4mv0i4t59t6,female,20,J78901
522,Class14,x9xz7kb08kmf1tytnc1f,female,24,J87654
523,Class14,tezxtgugzffgu5fxr0cz,male,19,J57489
524,Class14,lvp2qmljigke8u0nfbvl,female,20,J23517
525,Class14,8bj43lrpbsn3smxxn3xn,female,22,J87654
526,Class14,19buea1jycypffshcw38,female,20,J57489
527,Class14,vcw0s2e0akak8rqunatk,male,20,J57489
528,Class14,dri4ey8he2jovloucu86,male,21,J40192
529,Class14,687ndz7mxhpv3gg91ie2,male,22,J78901
530,Class14,wmep7eexur6wwrlrz9sv,male,20,J78901
531,Class14,2ui63dibc4r8oo0p9agh,male,22,J87654
532,Class14,rufanlg0slv70u876a05,male,18,J40192
533,Class14,o6tn58jvkqobrz2qmf5i,male,22,J23517
534,Class14,iwjs5oi2pl8omkdrs53q,male,20,J23517
535,Class14,qrrck1nnty89cmohw40b,male,21,J78901
536,Class14,6569uz69or21mbcejw25,female,22,J57489
537,Class14,jjx780kahllbp5y3x7p8,male,21,J23517
538,Class14,h7i4kmpsra4szfbhrcbh,female,22,J57489
539,Class14,0z4mockl76xn8mhdaehw,male,18,J87654
540,Class14,bfl1bc2oafd8hrz2xswq,male,19,J87654
541,Class14,7eeq2weegodhsqj7bxc2,female,23,J87654
542,Class14,0i1e50rz4mkhee97xvpo,female,21,J40192
543,Class15,ac896071204b0ce26a1e,male,19,J57489
544,Class15,75a72c46b8271a57fba6,female,23,J87654
545,Class15,fda1eaffdfa7350e5d97,female,24,J78901
546,Class15,0e804947f4cdc2721046,female,23,J87654
547,Class15,f7c4a29d42220e1cea27,male,18,J87654
548,Class15,539911ee11c1b2aaeb88,female,18,J78901
549,Class15,94752e120f6bb6178ad5,female,23,J78901
550,Class15,13f8b8305f6c25c21921,male,18,J57489
551,Class15,0c81ca27b7d931b6ff6e,female,21,J40192
552,Class15,e2ee4818284ba527ef0a,male,18,J40192
553,Class15,76a2f2705490042bb8cb,male,22,J87654
554,Class15,87aa4503451b6a77b2b7,female,23,J40192
555,Class15,1552f58e2818ce7fa863,female,20,J57489
556,Class15,211ed39c57c6e6cdefbf,female,24,J78901
557,Class15,28bc8af257c48eac3bf1,female,21,J87654
558,Class15,2f3ef424b925a9881b81,male,21,J40192
559,Class15,8fe25991951e1f37568b,female,21,J57489
560,Class15,a959b7dd7f65365313a4,male,23,J78901
561,Class15,67456512891f96cc0fc3,female,23,J57489
562,Class15,83bf9b0424c17c9e13e7,female,22,J40192
563,Class15,01558eef77a8d39b7103,female,18,J57489
564,Class15,359f25d9131a0699405b,female,18,J78901
565,Class15,1d7229e0f5f825007870,female,24,J40192
566,Class15,b9d88af0a70c4ccb592e,female,22,J87654
567,Class15,d4d7a248a58363732f8e,male,21,J40192
568,Class15,5e29473eb1e80fde79a0,female,19,J40192
569,Class15,0b307ee95b41e222f204,female,20,J78901
570,Class15,1974349ec27d7d67bf08,female,23,J23517
571,Class15,35e028ec34bfdb7a6d26,female,18,J87654
572,Class15,d3fd2319c0f3aa00c371,female,19,J40192
573,Class15,5bdad002590327215ae0,male,20,J78901
574,Class15,919b6f74756bdb77edab,female,24,J78901
575,Class15,8596e232b0d863cd3130,male,22,J87654
576,Class15,17656005bd4086137ab7,female,24,J87654
577,Class15,d76c58732e315933a6cf,male,22,J40192
578,Class15,7c27b1482db039a6eee9,female,22,J57489
579,Class15,75e30b71e38030454877,female,19,J57489
580,Class15,eacb3353d7bc80cf3e7a,male,23,J40192
581,Class15,41126caf1874c098d357,male,23,J78901
582,Class15,69ae85efb03510241445,male,20,J57489
583,Class15,c5c5601b771f1b4491fa,male,24,J78901
584,Class15,c4ffbc0ba8c38e725fc8,female,24,J87654
585,Class15,55a47a152d359522e38d,male,19,J87654
586,Class15,7ffc1d4e5026fc5195ea,male,18,J57489
587,Class15,a05da04117e032cb4977,female,23,J40192
588,Class15,9be4ba08415daa1ee6fe,female,24,J87654
589,Class15,o6kw9thwvq6csdr9taal,male,24,J40192
590,Class15,owzdfs89mm4ci0382a3b,female,24,J40192
591,Class15,7n0vh1m7hm3g0v8ggv7v,male,20,J40192
592,Class15,32n93dfesjggabieb85t,male,18,J40192
593,Class15,k6jujv82n727fuwbxa6f,female,24,J87654
594,Class15,di7sclw5samggg4sxipv,female,21,J87654
595,Class15,m380dsj058viwn3ly6j1,male,21,J87654
596,Class15,tndsnutlm99ld8f4uya0,female,19,J78901
597,Class15,twa56vh9h75mwaqdma1y,female,24,J57489
598,Class15,l1rn095adguamaugi4ux,female,19,J78901
599,Class15,qkc2f9omqulfmn3j0m9p,male,18,J57489
600,Class15,k7fa3kdg6dq9avbiqv1f,female,18,J57489
601,Class15,wi36b9plgjc82atx6z7h,male,20,J87654
602,Class15,aai4o855shne2taonl8m,female,21,J23517
603,Class15,pxnnkthuxasggux3hyae,female,19,J78901
604,Class15,nq4jln5s1zqjk7nwbbeo,male,18,J78901
605,Class15,p8bk6cdfntr0humt6q45,female,23,J78901
606,Class15,4nun1ah7qw10q705a2aq,male,22,J87654
607,Class15,9npnusbksscam12fc4ut,male,21,J78901
608,Class15,hu267zw9zywa4ew3d5bw,male,20,J87654
609,Class15,zhx5rxgopln1p5hd10ql,female,18,J40192
610,Class15,pammg9gw4enjosw3z60e,female,24,J78901
611,Class15,r9m46ndmmmzeeehft96z,female,22,J40192
612,Class15,i39gdpglcxstun30b4yw,male,22,J78901
613,Class15,whzjoeh34i7o86p37u99,female,21,J40192
614,Class15,3lbe8ny12qw7qwcyihpn,male,19,J78901
615,Class15,exaiz0y0uvpeg498cg4j,female,21,J78901
616,Class15,d9qmlhyp13mf5nto4qih,female,24,J87654
617,Class15,b6nwoi7doh1m1yzbkxup,male,20,J40192
618,Class15,d4xny47ows87zd7viwj5,male,23,J87654
619,Class15,zoo8a9uj8a0dplifqzdp,female,19,J87654
620,Class15,k6kv9y9tqfll5d282ymb,female,18,J23517
621,Class15,xf5q0ixkpbxl3w7k16qo,female,22,J57489
622,Class15,slmfpw1fyabrtys8ufg9,female,20,J87654
623,Class15,9dbg3fyz4qnj7x9qug6x,female,18,J87654
624,Class2,6ae7d356ba998218af82,female,24,J78901
625,Class2,2c6339f7c23a64d02081,female,20,J87654
626,Class2,79fdbcf16db75f75383a,male,22,J23517
627,Class2,50fec4ca4283ad18c000,female,23,J23517
628,Class2,077d5c82c9ee5019220f,female,20,J23517
629,Class2,41f718ae2aed1d6c2573,male,20,J57489
630,Class2,222d5ee50487a2b8601b,male,24,J78901
631,Class2,0088dc183f73c83f763e,female,20,J40192
632,Class2,f9d95830556934ae9a01,male,23,J57489
633,Class2,06aff3e28c5db152f506,male,18,J40192
634,Class2,3555053023c67d592439,male,23,J78901
635,Class2,f25a777dbbda3d4314d7,male,22,J87654
636,Class2,41e9ff991a4a21f423a8,female,19,J23517
637,Class2,6002b9ec0f4ad0b281cf,male,18,J78901
638,Class2,0b8bea274b24847526b7,female,19,J23517
639,Class2,f7a14eb1e15ceeea955c,male,23,J78901
640,Class2,68c45e933c2dc939e7c9,female,18,J57489
641,Class2,a5966200ae4d58200438,male,24,J87654
642,Class2,6e8118d5ad3c7093b869,male,21,J78901
643,Class2,2f3c37735e817244e646,male,18,J87654
644,Class2,95889f5d20e344714084,male,21,J87654
645,Class2,1329b6cf41debecda787,male,20,J78901
646,Class2,cb2fbb322cc30a8b8fef,male,19,J78901
647,Class2,daf693769d8638a22ee9,male,22,J23517
648,Class2,da2199a7da15995db5ff,male,20,J78901
649,Class2,460fa4961434cf281423,female,21,J23517
650,Class2,18654732ca312afc173f,male,21,J87654
651,Class2,7c3fa9ed66d940d49692,female,21,J23517
652,Class2,6486c0664d217470d126,female,22,J78901
653,Class2,af8dedf6ecb4605a09fa,female,24,J78901
654,Class2,d2e033f11edce44fea3d,female,23,J23517
655,Class2,c955c51bfd07134bc831,female,18,J78901
656,Class2,906ffe092972df38360a,male,24,J78901
657,Class2,e6c8ce7f4d7b0b4ca4a6,female,19,J87654
658,Class2,5a8cce5abee961fc77f3,male,20,J40192
659,Class2,0c670262b3941d307600,male,22,J78901
660,Class2,7d882daa0b4d418d1d0c,female,19,J23517
661,Class2,d33a15d480f68c6ec82f,male,22,J78901
662,Class2,db2418c575c0a4f7239d,female,18,J78901
663,Class2,8f98bfcea1b9f0dba97e,female,23,J78901
664,Class2,5d580a610c7f8114eb5c,female,24,J23517
665,Class2,5c33bb784bb99763ed74,male,22,J40192
666,Class2,058c03d945c4ae0978a0,female,18,J87654
667,Class2,bfc3a5cb3b9c29f08176,female,24,J40192
668,Class2,a4bfb84ab74e59389e7a,male,18,J78901
669,Class2,152a0c17daaaa4e65e14,female,22,J40192
670,Class2,ee1ef9674f9e0bfca48b,female,18,J40192
671,Class2,977ece9de941d85308ac,female,22,J23517
672,Class2,15ab118362ecbbd03b52,male,18,J57489
673,Class2,f47eab262dd5809d4d60,female,18,J78901
674,Class2,5fbaf8a0f524358778bb,male,19,J57489
675,Class2,3267b84814316e2fa25e,female,24,J23517
676,Class2,f82461b84c9c48a36613,male,21,J40192
677,Class2,981cf48df067d975675b,female,24,J78901
678,Class2,bd099a9fd29545e3766a,female,20,J78901
679,Class2,9d030ebc092b353b9906,female,19,J40192
680,Class2,37905cfdcd105683aaf4,male,20,J57489
681,Class2,xy7cro773yqyoblucwkp,female,20,J40192
682,Class2,3qvqfnzdg358mord1cku,male,22,J78901
683,Class2,awxiqzybhp95e08qx1h5,female,20,J23517
684,Class2,dgoapkg9vpnafks22kx4,female,19,J40192
685,Class2,2jvnsh0veb6qnn3uv6i8,female,22,J23517
686,Class2,553l2g7kpifbvn82knxk,male,21,J57489
687,Class2,58n0dsxyyqnriomw67id,female,22,J87654
688,Class2,x8hldszj3z40bgxl4mci,male,22,J57489
689,Class2,putb7ja6dwpdag4bwvnj,male,22,J57489
690,Class2,3m4gx52iq3mwqdycm8mm,female,23,J40192
691,Class2,2zfdinkl7qrn0o62tlp4,male,24,J57489
692,Class2,rd32gyblqsfn03xatnmt,female,19,J40192
693,Class2,n8pe3tt7qmlgojwhhsj0,male,21,J40192
694,Class2,p6cp3ogj6xy2riczfupv,female,23,J23517
695,Class2,si6ymh6w7xbo2f40o0p8,male,19,J40192
696,Class2,9trgand057juzal1kecf,female,20,J87654
697,Class2,4acutl013itvh9va99p7,female,20,J78901
698,Class2,62olkigg7ntlaf6fzytl,female,20,J87654
699,Class2,zyfp520tbnq5p2pvrkin,female,18,J23517
700,Class2,yyz9rmyzzdp52h0glddp,female,24,J23517
701,Class2,2uxkhe454qk8jvk0ufvp,female,19,J78901
702,Class2,pkjom9yr5m9690fg6wsi,female,21,J40192
703,Class2,shtnl1wh1mconb8od5ko,male,24,J78901
704,Class2,ugaiak78ggmnku4yndlt,female,22,J40192
705,Class2,5mrih4nj5agvu67vao4m,female,19,J40192
706,Class2,66f99grd556eyxjqk7pz,male,20,J57489
707,Class2,vrdxefyyyx3tkticfqnv,male,21,J23517
708,Class2,ik7o5ykfnku0qp74sy1i,male,23,J57489
709,Class2,99dj4o3b2f6m4jemke7d,female,22,J78901
710,Class2,6tq9irjllweqmqe4u7sf,male,21,J23517
711,Class2,je7kqkmpwkosa7nkgfpx,male,22,J23517
712,Class2,3cic5ziycjx4ik4ll0v1,female,20,J40192
713,Class2,ef04ejvyvmh5votejbif,female,20,J87654
714,Class2,dfnvtf7qbi2955rjeaqx,female,24,J87654
715,Class2,bwvpzqnhh752noqjqj8d,female,19,J40192
716,Class3,4c90f16c0fcd85d3de25,male,18,J57489
717,Class3,2b9ef4e3749f713870b0,male,19,J57489
718,Class3,b8290aea71e7a5421a02,female,22,J23517
719,Class3,5f55600069b483f999f5,female,21,J23517
720,Class3,170a695a2717bcd9b74b,female,19,J57489
721,Class3,a0a1991396f865c9e3dc,female,20,J87654
722,Class3,3fee5c27236cbb682727,male,20,J78901
723,Class3,701a989d65a59c18845b,male,21,J23517
724,Class3,3672e2896ad7d8f2404e,female,21,J78901
725,Class3,52f1bca9ac9c792e4457,female,23,J23517
726,Class3,75097aa30e9373a612c7,female,22,J57489
727,Class3,72b4334deffff31dea8b,male,18,J87654
728,Class3,84e8300978b600b5f0ba,female,21,J57489
729,Class3,2ccfa5f79c8b61e465d4,female,21,J57489
730,Class3,63aded37545ab92d41d4,male,24,J78901
731,Class3,e851f82a650692f8e591,male,18,J40192
732,Class3,c352158bed343ccff8e5,male,23,J40192
733,Class3,e3ce61b92eeae0a33633,male,24,J78901
734,Class3,166cb02ac436c9d3662f,female,21,J87654
735,Class3,749fec50db4020e9bfcc,female,19,J87654
736,Class3,7ab9a2516b2dba99c36c,male,20,J87654
737,Class3,19fb3075dd2798538c9d,female,22,J87654
738,Class3,36ebf305b7206112f676,female,19,J57489
739,Class3,1397545fbe9882e5cd42,female,24,J23517
740,Class3,9e4c54a008ee874fc270,male,24,J40192
741,Class3,a8846b79555746e4f9df,male,23,J87654
742,Class3,1629f353a742f6a73251,female,19,J57489
743,Class3,1202c731c612353ceef0,female,22,J23517
744,Class3,0e062d9fa22dc8e3bca2,female,23,J57489
745,Class3,918236b530adbe510201,female,24,J40192
746,Class3,0f8bd9e33125347965a1,female,21,J40192
747,Class3,2c3b89432513b2035664,female,20,J87654
748,Class3,d94c5dba40d9fcbfb8d9,male,23,J40192
749,Class3,7380885aaba482170588,male,23,J87654
750,Class3,6d35a9a33338a84dd077,male,18,J23517
751,Class3,011d454f199c123d44ad,male,22,J78901
752,Class3,9e7bdc44129bf5acc196,male,19,J57489
753,Class3,93c2f240de504736b8d0,female,19,J40192
754,Class3,0f160cd19890b97092b9,female,21,J40192
755,Class3,432fd26823e230070734,male,20,J57489
756,Class3,f4e46ba446c56e56259b,female,22,J40192
757,Class3,8fb30cb5c7ad360c995f,male,19,J57489
758,Class3,cb8c2285066597e012c6,male,19,J78901
759,Class3,a55511198784610bf30b,female,23,J87654
760,Class3,c5b9961e65ffa73d971e,female,23,J87654
761,Class3,5b5ef66e547d63806a56,female,21,J78901
762,Class3,bafdbc62a48daf6840c9,male,19,J57489
763,Class3,d3ba1fe030801d700cb6,female,23,J78901
764,Class3,3f55d44d7572d52b2987,female,23,J40192
765,Class3,d27565678ffa4a9bfa85,male,19,J87654
766,Class3,efb9fe363bdeb9f48d69,male,24,J40192
767,Class3,28719a42e0cbf4991b7f,female,19,J57489
768,Class3,62156eada978f707f5d2,male,22,J57489
769,Class3,46a7a18ca160c829a15f,female,20,J40192
770,Class3,57c33a6126c456c5ada8,female,24,J78901
771,Class3,951eea03695f436017d3,female,21,J23517
772,Class3,098b2c66cbc1ed736e14,female,23,J78901
773,Class3,33ddb1517601db520cd6,male,19,J87654
774,Class3,446d2ad0ca2908ffa4f9,female,18,J87654
775,Class3,ae2e4cb7985c4ac71795,male,23,J87654
776,Class3,1b0baf552d2cd47ee10b,female,19,J40192
777,Class3,e86f896d71d48d87464d,male,22,J40192
778,Class3,62a877b83219f7974fd0,male,24,J78901
779,Class3,7a600fb7e3750998e7ae,female,23,J78901
780,Class3,c9c9f0b7606030f2aade,male,24,J23517
781,Class3,52f4899e918b57df28da,female,23,J78901
782,Class3,d235a2c32940b970ab7c,female,22,J87654
783,Class3,8242b99ad9d6609fd19c,female,20,J78901
784,Class3,8d93485dc6a4b2a9f03f,male,21,J40192
785,Class3,a108f1103f798c85d061,female,21,J23517
786,Class3,52d965ebf3ec0518bc0f,male,24,J23517
787,Class3,23dd64a1d2e4965198bf,male,23,J40192
788,Class3,f9ef2830cd485d038b53,female,18,J40192
789,Class3,e3b920878572dbcf8c9e,male,18,J78901
790,Class3,93iq4xjhvlc8072fsfet,male,22,J57489
791,Class3,nl4vt11ikn4we06zu0zj,male,20,J78901
792,Class3,cnqyqc90n3ixrlc3mri7,male,19,J40192
793,Class3,yb4sqfrwu788fa6y4zeb,male,22,J78901
794,Class3,kpw433bcv21ksp1wgrux,male,22,J40192
795,Class3,wxgj9kdmdrmullrthnso,female,19,J78901
796,Class3,bvz9hmtzknu45wvb0yaw,female,24,J23517
797,Class3,1kvfwfp2hr5hjxjxzjqd,female,20,J40192
798,Class3,m3y8jkkgflwqwcelrwzz,male,24,J57489
799,Class3,fov3pbwdqzvhgcjp7o9f,male,20,J78901
800,Class3,3iz4t53ooerb6sruxf3n,female,20,J78901
801,Class3,8ajv97zyciosc57q0cng,female,24,J57489
802,Class3,i8gdglua8vbd4ul9x09f,female,19,J23517
803,Class3,qd5cqu3du8n28xxtkftw,male,18,J87654
804,Class3,fvlb9xi66oze7eo3yhdh,female,20,J87654
805,Class3,4fl8e5s0nf65bm2m34f0,male,20,J57489
806,Class3,4glo109mkgy7azntyttp,male,24,J87654
807,Class3,cunf3y04zq0f90dgy36j,male,22,J40192
808,Class3,wbdvbdebq64ujpi9u7mn,female,18,J87654
809,Class3,0gfiioqi5g8djhh1wzol,female,23,J57489
810,Class3,fb735wd248crm37cgmgw,female,19,J23517
811,Class3,zon2ut7eqwqd7i86etaw,female,20,J57489
812,Class3,1hrtipd0awjpggdje5e2,female,20,J87654
813,Class3,hcm6w0jxnfqhkpm745cu,male,24,J87654
814,Class3,z0ti2nr5nh9fpad7wntt,male,23,J23517
815,Class3,44x159fl0pw2uucriuga,male,18,J78901
816,Class3,7c2qxvccum7f93e8ohgt,female,21,J78901
817,Class3,d6qgzp196pwnzk7agyn6,female,19,J40192
818,Class3,alj4azvv1eqg1cyr3ae3,male,21,J23517
819,Class3,vqz1prz6hwnqepxsieip,female,24,J87654
820,Class3,4xh67ezjc331pg9q3kfv,female,21,J87654
821,Class3,t8a5fgt3wo8w18amulu3,female,24,J87654
822,Class3,7r0ywonplo8up7m35eav,male,23,J87654
823,Class3,no0afrue2n6m8hcnuek1,male,20,J87654
824,Class3,ymb5gxf0fi27kpj2f101,male,19,J57489
825,Class4,d93519b044de1fa037b0,female,21,J23517
826,Class4,afc99b4940e933922aca,male,22,J87654
827,Class4,c5d83404b165578ef794,male,20,J87654
828,Class4,dcd0562f8fb44933cb08,female,24,J78901
829,Class4,7694d71417c2f5202940,male,22,J23517
830,Class4,3ba42ec5350aacb0750a,male,22,J40192
831,Class4,e9b6fa8a87469779d732,female,24,J40192
832,Class4,cafe5989da5dfed9f404,female,22,J78901
833,Class4,d52b119f8da2a1812722,female,19,J40192
834,Class4,11dae4659d30031a10dd,male,18,J87654
835,Class4,ec4897070f2d3b6eab89,male,19,J40192
836,Class4,a3a0e2129e405aef3d87,male,22,J78901
837,Class4,a06fdb8743c4d4ef09fe,male,23,J87654
838,Class4,3ff069e95a9047dbfa8b,male,24,J40192
839,Class4,016226278e6a69e10aa4,female,22,J78901
840,Class4,7c1d8516e6c2ab2d3030,female,22,J23517
841,Class4,453d43b3f6bdf467e672,female,20,J40192
842,Class4,6fe309a58b787e7010eb,female,19,J87654
843,Class4,d8ed5a1897987ffdeaed,male,19,J78901
844,Class4,99a53846658ba3341de6,male,22,J57489
845,Class4,3919286d3d8c4f4d339c,female,18,J40192
846,Class4,4a6e1cf1e4e9d8f54717,male,18,J40192
847,Class4,0fc996fff93c00ca5ced,male,21,J87654
848,Class4,aa83cf5fc68c1dcb5038,male,23,J78901
849,Class4,c9c946fe211251af32d1,female,19,J57489
850,Class4,bb3328d3b1eecb5e1a8a,male,21,J57489
851,Class4,5f7b406b2bbf9789735f,female,18,J57489
852,Class4,61de1e21015e07aacbe8,female,21,J23517
853,Class4,5m6lgwi0mkqs8ilg3qqs,female,22,J78901
854,Class4,d1e44a91dd4f37c03d43,male,18,J78901
855,Class4,7bb37669654dedc7e397,female,21,J57489
856,Class4,061db2c91f94c612f2d4,male,22,J57489
857,Class4,76fe2c19fa84d58b584b,male,23,J57489
858,Class4,f36a755a3fa5db5c0743,female,21,J78901
859,Class4,cf7f9c2c6872be9bf2d6,female,21,J78901
860,Class4,b8162292f2171005c2ba,female,21,J40192
861,Class4,a8350dcececa0b02dd14,male,18,J40192
862,Class4,c99e6802625540e4d1e2,female,24,J87654
863,Class4,cade7d478dac7020a79b,male,22,J78901
864,Class4,20f97b68982d1b2f5c73,male,23,J78901
865,Class4,6d22912e7e93a96a8690,female,18,J87654
866,Class4,db0bcf208cbed26d0bfe,female,19,J23517
867,Class4,90f3fbedfce50f644011,male,22,J87654
868,Class4,728a4a393899c37a5429,male,23,J87654
869,Class4,e3d0782396c346359a8f,male,18,J87654
870,Class4,9d02a160cd171c5f4c18,female,22,J78901
871,Class4,9952cc289c9f690621ec,male,20,J78901
872,Class4,0c57caf5358d30408034,male,20,J23517
873,Class4,93f451c36b535d39003d,male,24,J87654
874,Class4,ac4d829c715fb0c36ad5,male,24,J40192
875,Class4,0d4a3518a188f6888380,female,18,J23517
876,Class4,fqcud1c5mt7pdp9w0v6y,male,18,J57489
877,Class4,rq44ojyrvdtad0tzsm32,female,18,J23517
878,Class4,h6miro3m8713s3dxuipr,female,23,J78901
879,Class4,lexte4gc3dvjb7ty0qf5,female,23,J23517
880,Class4,6dx4zt62b8m37krb5l3n,female,23,J87654
881,Class4,oi7j42phxrp4mc1n9h4b,male,19,J78901
882,Class4,i5hexmb5zlzhd8lvwdv3,male,20,J57489
883,Class4,cp4d94b2v0ws6am7mvuw,male,23,J57489
884,Class4,6cxj0lsinp9d7215gtpe,female,22,J57489
885,Class4,t7x7ydt3u1cd2svfvk4q,female,22,J57489
886,Class4,6iag08nt7se7f2hkgzx4,female,18,J23517
887,Class4,d3tt41de5iashfjr1txr,male,19,J87654
888,Class4,uk8sadmdmw8p7e22l2yr,male,22,J57489
889,Class4,svxexhg20hs3bbqd4fm7,male,23,J78901
890,Class4,3p34idi1traz2k8j0ulk,female,20,J23517
891,Class4,t9a891e0764br5ujna1a,male,19,J40192
892,Class4,zeuj820acn6zhcbx617v,female,21,J78901
893,Class4,i1fr7kd71b2ni39kn958,female,18,J78901
894,Class4,tvsgkf4oqh769h40lj43,male,24,J87654
895,Class4,buv73728fa9viqgrz5mj,male,21,J23517
896,Class4,w1uwjc89gv68yxkutpoe,female,21,J87654
897,Class4,fkenlzdweox7v0zaopqo,female,24,J23517
898,Class4,uy29im7a6hnc34lfp8ae,male,24,J23517
899,Class4,kilhyvtskm84umerpjee,female,23,J87654
900,Class4,8urc1lsyw615q5prnxwh,male,22,J87654
901,Class4,jyaxybaq8vui614ytd8i,male,19,J40192
902,Class4,ijieo064jbrs5ss1cmol,female,18,J23517
903,Class4,zc7xkcpo969z98kh6bg8,male,20,J23517
904,Class4,4vnvytgnlmv4jbfw9h3t,female,22,J23517
905,Class4,pv0c4za1m616k25gfwfb,female,19,J40192
906,Class4,mqqf68ny1kdp6i69i7tt,female,18,J57489
907,Class4,9a25hcbd3mhgaj0fyelo,female,23,J78901
908,Class4,9lfh7vk4u8eh6zz1dmvp,female,19,J78901
909,Class4,xsxczvs8iluovs3pt5q7,female,23,J87654
910,Class4,reo07h0d5zehmotdlz2w,female,24,J40192
911,Class5,2d526c27123e59103e29,female,20,J57489
912,Class5,488fc49e8fccd665c3e2,male,20,J57489
913,Class5,be032ee60c336e4701e0,male,22,J23517
914,Class5,19793e7e55b68c8dd776,female,22,J87654
915,Class5,fe752a6d1aa3d710d738,male,21,J40192
916,Class5,912794ea0c6936c83ce2,male,24,J57489
917,Class5,17e429460d5fda251953,male,21,J23517
918,Class5,2e3e7cbe0e69add8d31a,male,19,J57489
919,Class5,4bceaffe5e429ed3333b,male,20,J40192
920,Class5,f22c9341431a6123f670,female,18,J23517
921,Class5,0107f72b66cbd1a0926d,female,20,J87654
922,Class5,4c26df96293b4a52bc03,female,20,J40192
923,Class5,8e25bcfa51d165f162f6,female,22,J87654
924,Class5,9ee3e6df01c7cc22d066,female,21,J23517
925,Class5,42e83553ca9d77ab4aee,female,24,J23517
926,Class5,ba563fef8484139dc84d,male,22,J40192
927,Class5,9b1c065069dbb7a71617,male,22,J40192
928,Class5,1fa4f2361b8a03040292,male,22,J87654
929,Class5,82da6d26645f8f71bd61,male,20,J87654
930,Class5,a9554f5c3d61d05617e1,male,18,J23517
931,Class5,2e2c00240c341a4265e3,female,18,J23517
932,Class5,4e768251c78b687fa993,female,18,J57489
933,Class5,6964a3d507ac1ecf9e52,female,18,J23517
934,Class5,03754dce5ec7731fb3e2,female,20,J23517
935,Class5,4738a118c8b8fa271fd6,male,21,J57489
936,Class5,2af634997fba501740c2,female,21,J78901
937,Class5,c9e6e9322dd7054e618c,male,22,J57489
938,Class5,d72abe041b8db9118e70,female,18,J40192
939,Class5,b0a62c35bfc7f529e83b,male,24,J23517
940,Class5,a856f10303ba34926fdd,female,21,J57489
941,Class5,951678e2f3db4cd9911d,male,21,J57489
942,Class5,b34d4dc5b6c5fd7c5def,male,24,J40192
943,Class5,430420fb41fe0a889868,female,23,J23517
944,Class5,e17f01453906e3ae5716,male,22,J57489
945,Class5,d536120baaef5495c028,female,18,J23517
946,Class5,2ecb7fb5ff8899614c12,male,19,J40192
947,Class5,d6f3f410bbb24244d270,female,20,J40192
948,Class5,67f8d47cfb7b7b3d2095,female,20,J23517
949,Class5,a0fa57995e3e8cdcc13a,male,21,J87654
950,Class5,fe40bd528b4fbbf591e1,male,23,J87654
951,Class5,be52205cb48c05e10567,male,21,J23517
952,Class5,03e0c9bff3a9557480d9,male,24,J23517
953,Class5,60c3549c706fe13322ce,male,24,J87654
954,Class5,2826ec26211d83efd2c6,male,19,J23517
955,Class5,6b9ee688551136da2eb9,male,24,J78901
956,Class5,454c91e8f96c1dc4e994,male,21,J78901
957,Class5,854ce9f7f4d7b6115854,male,19,J40192
958,Class5,d103bd9455fb9258c805,male,18,J57489
959,Class5,13de1d3a55477a0c0329,male,21,J78901
960,Class5,pg8ucem69ixbqhznx0x2,female,18,J23517
961,Class5,vzdurh8f0rfus5h4bde2,male,20,J78901
962,Class5,ucxxvfcovdwuokyswife,female,20,J57489
963,Class5,yums89f0epz009xrrwrf,male,19,J78901
964,Class5,4y1vvkscejq34042oag4,female,24,J57489
965,Class5,ng2c52g74hfaudyxmm6m,female,22,J78901
966,Class5,ttsjumez81r1ot6tfe7n,male,19,J78901
967,Class5,m3xzctvbxlbxz80zz042,female,21,J57489
968,Class5,1nebcwra7a0fduy8c1fa,male,24,J23517
969,Class5,z9q10sbk27qpuvatlkuw,male,19,J87654
970,Class5,cgydhui8n3uoxbq5rznl,male,20,J40192
971,Class5,sdun9fmcol7sud39mllw,female,18,J23517
972,Class5,csxiwtz34vm9vr0kbryx,male,21,J87654
973,Class5,4v5xbvn3yhmvs97477pc,female,18,J78901
974,Class5,g5wbnnhq1jbyc32q3003,male,19,J40192
975,Class5,ulowmljtsh72z64haltq,female,18,J23517
976,Class5,19rc4zj7sw4ms0996992,male,18,J87654
977,Class5,mn8t0yyppsznr674ic1a,male,21,J40192
978,Class5,isavn2ahb9n5z1q8win5,female,18,J87654
979,Class5,uhky1uwx18u1e4nixzzf,male,23,J23517
980,Class5,h9urbo4ce8x02brjnloz,female,21,J87654
981,Class5,lewkf2owb42ywhfto9yf,male,20,J40192
982,Class5,p3cs5x8cxrwubesmagvl,female,19,J87654
983,Class5,u968v341lom8drwdzqqj,male,21,J40192
984,Class5,x8hocidvl3emcmrhw2f8,female,23,J87654
985,Class5,0sgnvj4zfg3xjjb9fl6h,male,18,J40192
986,Class5,7ddzwidmh4uwbopvlast,male,18,J87654
987,Class5,j8inicu0iafkpv3u9431,male,19,J40192
988,Class5,74g1r714u01v7nb4vn8w,female,24,J23517
989,Class5,em248gxmeso9cw0wzlv8,female,23,J87654
990,Class5,hoedc2pzfz6av5bn1jq3,female,22,J57489
991,Class5,3ywgcurp27qp1fydp27z,female,20,J23517
992,Class5,inyirhdpjahiguhs9e5b,male,23,J23517
993,Class5,flde3irykh8wauaj2fuw,male,22,J57489
994,Class5,1otvyki9oso9bg6ob16u,male,24,J23517
995,Class6,05e1c3ce1728da7e37e0,female,20,J87654
996,Class6,93f200d7351d4980fec6,male,19,J78901
997,Class6,4dfdfa5e1a04c832b9b4,male,24,J23517
998,Class6,151cd83784ab9007e8d8,male,18,J78901
999,Class6,8e1012c9f4775ba6a451,female,22,J57489
1000,Class6,413cbf664ac3ba8307ea,male,22,J40192
1001,Class6,3bf7b3c9aa7d93ecb603,male,23,J40192
1002,Class6,9ad512cc6cbd79aa81c7,female,23,J40192
1003,Class6,71f6622e7caa6ed92506,male,20,J57489
1004,Class6,2fe9648ea28753c73c2c,male,18,J57489
1005,Class6,4474f24ef69e01e2c001,male,22,J87654
1006,Class6,f81f52969ef1de783de3,male,22,J40192
1007,Class6,b9c7c66c8b57b9d3c6fa,male,22,J87654
1008,Class6,a95a606f0110653858b2,male,23,J78901
1009,Class6,66d7c0bdb21b7d5bd83d,female,22,J87654
1010,Class6,c89e8b7b18082e2fa6df,female,23,J57489
1011,Class6,522837ace4fd8dd743f2,male,24,J23517
1012,Class6,0df40593e76a840fd64b,female,20,J40192
1013,Class6,952e59666bdde6dad94c,male,19,J23517
1014,Class6,800d0095388d11344b78,female,22,J23517
1015,Class6,d53a4fb612fb801fff3d,female,23,J78901
1016,Class6,71ca74e191e71b0219b5,male,18,J40192
1017,Class6,dddd7ba8769cf90bfd62,female,19,J40192
1018,Class6,758a52e21fd5c23cd7ed,female,19,J78901
1019,Class6,4cc0dc56eecea1d928d1,male,21,J87654
1020,Class6,e62f7655cb5259abfbf1,male,18,J78901
1021,Class6,0258f681a9e1756dfc76,female,22,J78901
1022,Class6,8bf3625652581859dcd1,male,20,J40192
1023,Class6,63c38a00d97e62c31e08,female,19,J23517
1024,Class6,f9dde99f5db421171b51,female,22,J23517
1025,Class6,b1b3363b7086aaa99b0d,male,18,J23517
1026,Class6,e4af37199530e9ea523c,male,19,J57489
1027,Class6,204fdbe885269686a392,female,19,J57489
1028,Class6,b1fbf77b475e79c3d413,female,18,J87654
1029,Class6,7f1c076b22be73eef99b,male,18,J57489
1030,Class6,b9a8b9ee84232efd7d61,female,21,J87654
1031,Class6,52a24e35d5356ab34a2e,male,23,J23517
1032,Class6,5abcc9d4fb5e764b2f6f,female,22,J23517
1033,Class6,04f2689b4ea16d8d7d9a,male,23,J78901
1034,Class6,2db6dd71f1d07300382c,female,22,J23517
1035,Class6,d2c5423ea5fa0a995264,female,20,J57489
1036,Class6,81c441973fd4e024d60a,male,20,J87654
1037,Class6,83b54209fa2b1055369b,female,19,J23517
1038,Class6,9ee4ff457095eaf23309,female,22,J57489
1039,Class6,b6808721d4a7900e360a,female,24,J57489
1040,Class6,f05247f3d32a4bf5a6df,female,21,J57489
1041,Class6,6fc66606e74242398444,female,24,J23517
1042,Class6,5a44a7c59729d41d596a,female,22,J57489
1043,Class6,05e6d9723ab3cde0841d,male,24,J57489
1044,Class6,2a515047aa9d085849a2,male,21,J40192
1045,Class6,3f34e3108d1108dab0fd,male,18,J78901
1046,Class6,42dd5f9cd9e2c3ac9ed7,male,18,J78901
1047,Class6,e5cab2ae37f3a9ed4f46,male,20,J78901
1048,Class6,ca10145a308249ed82e9,female,22,J23517
1049,Class6,5cda8273b348fbda9f29,female,20,J40192
1050,Class6,96c23b85b0b4ffdc3cae,female,21,J40192
1051,Class6,329622100fe091a4c48c,female,23,J78901
1052,Class6,2933a3227c7ce7fe21eb,male,20,J40192
1053,Class6,3dba043eb6065ad3a343,male,19,J23517
1054,Class6,8a9f3822aaa08e579e4f,female,18,J57489
1055,Class6,1367d35cf39783effa7a,female,22,J40192
1056,Class6,c6ab0de398cfcbd21dc5,male,20,J87654
1057,Class6,4e508744a9816cc4586a,female,19,J57489
1058,Class6,o3jddioub8dsv0fm22qn,female,20,J78901
1059,Class6,4130weedl0x9hc7qe5a4,male,20,J40192
1060,Class6,aqpg6qwtponj9ojmx6ls,female,23,J78901
1061,Class6,pgknalznufvmvwgc1ca8,female,21,J78901
1062,Class6,oc0ww31yssff9rktgowo,female,23,J23517
1063,Class6,rsclhbtmbxt0xrye64ax,female,21,J57489
1064,Class6,orubxhpr5e1heat93ue4,female,19,J57489
1065,Class6,4x441h9y6wzknmtdw7q4,female,23,J40192
1066,Class6,2a6ap0t2rsvoogmydj3a,female,23,J78901
1067,Class6,daty5mq7b20bkt2c2zfs,female,22,J40192
1068,Class6,hhplrx9xd7cm2w7aslma,female,21,J78901
1069,Class6,xgvqpyg5mro3wihwngur,female,20,J87654
1070,Class6,jnupp0jsv1kjsvbzlnrr,female,19,J40192
1071,Class6,u9owl1eky0jf8t3nc50o,male,22,J40192
1072,Class6,ubi6gd21j9e9rw46hoz6,female,23,J40192
1073,Class6,tv0sptqq56ri3dpcd9nl,male,20,J40192
1074,Class6,8kvpozl8kjupzd4yvwbv,male,22,J78901
1075,Class6,m6p2hujqw21vc4lyt3f3,female,23,J23517
1076,Class6,nx4zicy1jbulkuen41s5,male,21,J23517
1077,Class6,xnvmb8uox3576k142awg,female,22,J57489
1078,Class6,nkr2o4v6q9alvt7ju51e,female,18,J87654
1079,Class6,01qkq6w2v62cimidb3b7,female,19,J57489
1080,Class6,tp8x8dgd7d6dhpth8xni,female,21,J57489
1081,Class6,uhthvh60xp911d47x7xm,male,21,J57489
1082,Class6,a30afe3tftu3pgsdxxdq,male,23,J87654
1083,Class6,9nfrfi8p7oktnfr9c30b,male,18,J87654
1084,Class6,34qcy2qj5lij7g82hpvw,female,24,J87654
1085,Class6,mhufhb84kyqgs0anwy1d,male,23,J57489
1086,Class6,1afepx549ssnar1m9acp,male,19,J23517
1087,Class6,j605t14y7ie6vr2n8s2c,female,24,J78901
1088,Class6,zq3xohaut5o9dbd9064z,male,19,J57489
1089,Class6,me4d1o3nzhyoj0xfast0,female,19,J40192
1090,Class6,p611flt77czmqgut14jl,male,19,J87654
1091,Class6,zuw35j06tzftt6oon4c5,female,19,J40192
1092,Class6,f527k17lr4aumahjtj92,male,23,J87654
1093,Class7,33184c1cba6a37cdbda2,male,23,J78901
1094,Class7,3f81bf9625e47ca1963f,male,22,J57489
1095,Class7,8bece93f0b270602e64f,male,24,J23517
1096,Class7,27cc9165eef05eb1733f,female,18,J87654
1097,Class7,3c37e3ad275dcdd39e2c,male,23,J23517
1098,Class7,46e2d5243b6eef040f97,female,20,J78901
1099,Class7,37f3b3d773c5c073bc9a,male,20,J23517
1100,Class7,96dc0554852b5a94a400,male,18,J40192
1101,Class7,6273f50d9a0b4e6d971c,female,22,J78901
1102,Class7,4478eae73fb84cedb102,male,18,J78901
1103,Class7,0a7f1a73361654329281,male,20,J23517
1104,Class7,301f57984e5d2969c938,female,23,J23517
1105,Class7,3b3b2319b0995f149ecc,male,21,J78901
1106,Class7,3313c40ea45a87f9d2e7,female,18,J40192
1107,Class7,81931021ce711e124d0b,male,20,J78901
1108,Class7,9294393fcd13593bc537,female,24,J87654
1109,Class7,31741464205aa8cdb4f5,male,20,J40192
1110,Class7,c63d5a67687762a9f967,female,21,J87654
1111,Class7,ad29c5822807dabe497c,male,24,J87654
1112,Class7,6fefd33cf297f69bcae3,male,23,J57489
1113,Class7,17dda5f588bed077c742,female,18,J87654
1114,Class7,6d90c2fd38f2ea52ffd8,female,24,J57489
1115,Class7,fcf6463f948b24ac7cd8,male,18,J87654
1116,Class7,d1df92e9d19fb2f22ebb,male,21,J78901
1117,Class7,72d383f55803c5a81bd6,male,20,J87654
1118,Class7,c20c86d30d19b39745e2,female,19,J40192
1119,Class7,f26c1d520ac39293c68a,male,20,J40192
1120,Class7,bc48d03763657ec4aa63,female,21,J87654
1121,Class7,09e4bfadd7e012c37c7c,female,20,J57489
1122,Class7,fc39de3859d890b9693d,male,21,J57489
1123,Class7,a94a32ebd5f7d177053a,female,23,J40192
1124,Class7,9b43f5fcb5d592a689af,female,24,J57489
1125,Class7,b26aab632fd33a01020a,female,20,J23517
1126,Class7,074d7f43de7264306775,male,21,J57489
1127,Class7,fabad359607dabbaaed4,male,19,J78901
1128,Class7,d6d6e7da792fdf0106f0,male,21,J23517
1129,Class7,e6b9a4292b6a8e8e0ef0,female,22,J23517
1130,Class7,9493dac6dc982d2b3dbe,male,18,J57489
1131,Class7,9104b8987aefa9d8e884,female,21,J87654
1132,Class7,7ec5fc60b1ce755e0e17,male,20,J87654
1133,Class7,24ca7714d40e2fe53821,male,20,J87654
1134,Class7,16c505069c1e5c2bece5,male,20,J57489
1135,Class7,69a4b3d15a5bf0d0e43e,female,20,J40192
1136,Class7,6abeead45fd57abadaff,female,22,J57489
1137,Class7,5e89fad73b2ada2a30bf,female,21,J57489
1138,Class7,94066a900026329cd5cd,male,23,J78901
1139,Class7,0bb8692f43a372e8d967,male,24,J78901
1140,Class7,e224221a9971f9f45489,male,22,J87654
1141,Class7,c42aff1f9940e24491cc,female,18,J40192
1142,Class7,a34fbbb7d9a19eb82450,male,24,J40192
1143,Class7,3c71b62d597098c4cd18,male,19,J57489
1144,Class7,43d34a076620e32fedfa,male,18,J78901
1145,Class7,eec0307b4d47609d6933,male,20,J78901
1146,Class7,d45eea92ed42431d9076,male,20,J78901
1147,Class7,fe5cf715d9c94fc7779e,female,21,J40192
1148,Class7,1f56b6bda24efafcf3a4,female,22,J57489
1149,Class7,c682f6819dfbfc964bc7,male,24,J57489
1150,Class7,81e59e96ce9bd6a76bdb,female,23,J40192
1151,Class7,a96027a83196027cf822,male,24,J78901
1152,Class7,f964ee6bca634319a68f,female,18,J57489
1153,Class7,c35834f349db8ef7c591,male,24,J40192
1154,Class7,7f91b4ad141d21887b79,male,24,J23517
1155,Class7,a11b89c60677835e450c,male,22,J23517
1156,Class7,lf5hmkicbiuolk7khwwb,male,19,J87654
1157,Class7,4ewf46mylf75olvvihqj,male,18,J87654
1158,Class7,u2rchqp6tof1bkr07izf,male,23,J78901
1159,Class7,nrv5a6tr3ya2iv3p5xpo,male,19,J40192
1160,Class7,70ym0xeqaqmx14dv6myx,female,23,J57489
1161,Class7,r7embk7pqzg5g5p245x4,male,24,J23517
1162,Class7,b2imd0ms1p4fxkfcpygc,male,21,J57489
1163,Class7,jv67r7eqa9z2a1777eex,female,19,J40192
1164,Class7,8jo5o2abn697lg482k0e,female,18,J23517
1165,Class7,ezdogkk0jqt4nvvvbnxp,female,20,J87654
1166,Class7,wf7yq9n2spgto3w5ad9r,female,20,J57489
1167,Class7,p9enp5lzhiufas1xpd8p,male,22,J78901
1168,Class7,lx7vfcjhdxzh2wkt42hc,male,24,J78901
1169,Class7,dwg6k0ka5vuwzo5h11m0,male,24,J78901
1170,Class7,5jxldd3plo4x6oq140l5,male,24,J40192
1171,Class7,orgvbr9mbmfo4z8tbsa3,female,24,J40192
1172,Class7,3w0b2b1gz9i1nhmtab7s,male,22,J40192
1173,Class7,22fey6dqzcrm0jbtfnmm,female,18,J78901
1174,Class7,4atjmlccken75lck9ffp,female,21,J87654
1175,Class7,tuidsy7wcktf3jppecp5,female,18,J87654
1176,Class7,gzthlilac9ixoayq02u1,male,22,J78901
1177,Class7,r3uk44zat2tcyj5wmojt,female,22,J78901
1178,Class7,k1r03pvvsv9zxrft5jgi,female,23,J23517
1179,Class7,5ez4c53h3kdamnlvkpna,male,23,J40192
1180,Class7,p10d5vx8mpn0v82i51gp,female,20,J87654
1181,Class7,sushd67p0jy6f04a3h0m,male,24,J87654
1182,Class7,cmy2w5due4kl6pn6uia5,male,24,J87654
1183,Class7,4oqxw56hzk4fk8aqh3e0,female,24,J40192
1184,Class7,d4geyy1ox6qzlz4ibz0z,male,23,J87654
1185,Class7,wu3cwt7cavxrllp6s123,male,22,J87654
1186,Class7,sf30f3p1koevnfztc2pd,male,19,J40192
1187,Class7,i8lx9f5ut0kaz120j30d,female,21,J57489
1188,Class7,6ixkthdoadcwip3r1sy2,female,22,J23517
1189,Class7,skyax9iocbd5gzronpru,female,20,J40192
1190,Class7,s97masc6nt48h4ly8s1w,male,24,J87654
1191,Class8,510a90cd169e2eb042ab,male,24,J78901
1192,Class8,2959d8017312337a2ba6,male,21,J87654
1193,Class8,07e3362d20ff4337671b,female,21,J57489
1194,Class8,b6ed77b2b3283f9379c8,female,19,J57489
1195,Class8,09dfa3f18e48917f0242,male,20,J23517
1196,Class8,dba2bc2a15c1e8d696fe,male,24,J78901
1197,Class8,ca66ab7e59628143cf1e,female,19,J40192
1198,Class8,4a7f53c0a376edadf38a,male,23,J87654
1199,Class8,bfcf5965e6024248f0a3,male,23,J87654
1200,Class8,4156dc6090d72c95c23b,female,23,J23517
1201,Class8,1b36a3223f9dd94a211f,female,22,J87654
1202,Class8,8cdbc02c05d6ebafa9eb,male,21,J23517
1203,Class8,390d1fc3b78420815190,male,22,J40192
1204,Class8,be24259f2867b231800d,female,24,J23517
1205,Class8,c7c79725138f07b9c265,female,21,J40192
1206,Class8,e199ddadaaf5aee02eb8,male,23,J57489
1207,Class8,b92448e12093e45dc6ff,female,21,J23517
1208,Class8,28d90a892cc66338f962,male,18,J23517
1209,Class8,3a9d955e2ef47191a742,female,21,J23517
1210,Class8,1096bd470d3ddff1ec1c,male,19,J87654
1211,Class8,8b586d8b9c06414b2487,female,22,J57489
1212,Class8,cc317db3f3bb874542a7,female,24,J57489
1213,Class8,1224ceafb61456a033d0,female,23,J78901
1214,Class8,29acddb87cfe062d73f5,female,21,J23517
1215,Class8,e103cf810dfba59d0431,female,22,J87654
1216,Class8,25c8e1ae2335e8c3e5b3,male,23,J23517
1217,Class8,b8a4fd679898150ef87a,male,18,J57489
1218,Class8,80423084979315c20dbf,male,21,J40192
1219,Class8,217c87d59a4372c4f3fc,female,19,J87654
1220,Class8,5ada57d72f07c3803d33,female,22,J57489
1221,Class8,f1c1c0932bfeb74762d0,female,23,J87654
1222,Class8,b21ec59d991586279d95,male,22,J23517
1223,Class8,e28711e2f5500d3d6b04,female,23,J23517
1224,Class8,0d260d8fac2289c8ed9e,male,24,J78901
1225,Class8,4c79be630ae9d3db6aaf,male,23,J57489
1226,Class8,5e12a0421c20717035cb,female,23,J40192
1227,Class8,7207088b2ef28ff6b669,male,23,J87654
1228,Class8,c24bc0aaf20c79d2dfda,female,21,J78901
1229,Class8,24524df0ca55659c384e,male,20,J40192
1230,Class8,ed5a13234f04cae4894d,male,24,J23517
1231,Class8,e7958857e7d2292ffbc7,female,21,J40192
1232,Class8,86366c9920186cc4d1a3,male,20,J40192
1233,Class8,767e222eeb367b2b010f,female,22,J57489
1234,Class8,46a60ed041c8ebf98061,female,23,J23517
1235,Class8,54342435561e775ce97f,female,23,J40192
1236,Class8,78e6c80ea8dc73ec747d,female,19,J40192
1237,Class8,f50dcd09709383fea95f,female,22,J40192
1238,Class8,ade35014b25afed24916,male,19,J78901
1239,Class8,914f82268754cbf71a54,female,23,J87654
1240,Class8,c0884e4814b0f32935f8,female,23,J40192
1241,Class8,a87767892344a954c746,female,24,J78901
1242,Class8,8f81bd9cbc5471ebfc60,male,22,J23517
1243,Class8,vwyziyyebvsje4dqjsrp,female,22,J40192
1244,Class8,5c83f4ed6601ddf1a6fa,female,23,J87654
1245,Class8,0999173c045ee29a0b44,female,22,J78901
1246,Class8,8f477d2c60ec76ce22b7,male,23,J57489
1247,Class8,6604efc6fd93e070f40a,male,21,J23517
1248,Class8,1883af270e36a7580332,female,21,J78901
1249,Class8,a14b9aa97f66fc82ede3,female,23,J78901
1250,Class8,388090578f22a3c33738,female,18,J23517
1251,Class8,1fc5b87acdfc2a8b580c,female,18,J78901
1252,Class8,0b28c0a454678b75eefb,female,21,J87654
1253,Class8,dfa917b9dc15c87ab016,male,21,J23517
1254,Class8,2e54b1c7bff5847c82a8,male,20,J78901
1255,Class8,869eacc999a52155ed53,male,20,J40192
1256,Class8,cby6hsod14blxr7zyfjs,female,22,J87654
1257,Class8,gm1xiqmop9j2d2acc2jg,male,23,J78901
1258,Class8,lqm8jh0uggps7yd0lx2x,male,23,J78901
1259,Class8,7ae6jy1vw15ppmnq6sba,female,24,J78901
1260,Class8,quam8ci0euq2dz8xldzz,male,24,J78901
1261,Class8,4bq1kdgygbtif8w80s5y,female,23,J40192
1262,Class8,l41f9f1gb0y5rxcqfv64,male,24,J78901
1263,Class8,d16ht4y29lrac1brhwm1,male,21,J40192
1264,Class8,0txd5enpfmbrth46w74b,male,18,J40192
1265,Class8,preni1j2j1gkvq1knpag,female,21,J40192
1266,Class8,ggweeccb6anw0j3y32t0,female,21,J40192
1267,Class8,uem908xkm2x04s4iu84k,male,22,J40192
1268,Class8,nd9xpohv0s4ttw0o7fts,male,23,J78901
1269,Class8,ny6yox8nvtlotclebkk8,female,23,J40192
1270,Class8,hpb03ydulnt2b9ffa0j2,male,22,J23517
1271,Class8,2krjeqjgjqfuumdo3ibt,female,20,J78901
1272,Class8,1n42senfkcjopw1zh39l,female,18,J78901
1273,Class8,jj1jl4nhnkxllubypoq3,female,19,J87654
1274,Class8,f5j3cojh9fr5gvylr0yi,male,22,J87654
1275,Class8,hkk3qiui3e3r969oyfhf,male,21,J23517
1276,Class8,xw0r5n17yfqv2va40bhi,female,20,J23517
1277,Class8,4erna0vkk9gu5umle1se,male,22,J57489
1278,Class8,fvqo3hum9a1rl6rxbyre,male,21,J78901
1279,Class8,22wb5ostye8edvfar59p,female,24,J23517
1280,Class8,bgvt5n1h0qt51ze0md7w,male,18,J23517
1281,Class8,g4l5baozrnfblxayrhox,male,24,J40192
1282,Class8,ec5zb47nxjbuzemc81p0,female,19,J87654
1283,Class8,rd4p70jwu852pbdjwl2d,male,22,J40192
1284,Class8,59bybxqvhton27u0jtfm,female,19,J23517
1285,Class8,x7xh8m5fvmipvkav1cb4,male,18,J78901
1286,Class8,ljylby8inwh5b93wkean,male,19,J87654
1287,Class8,ygoahstwe9gz9w87qncs,female,18,J87654
1288,Class8,xlp4p1b56hrhhyr2y3kd,female,21,J23517
1289,Class8,me044us8pj1824r4dye2,male,21,J87654
1290,Class8,0lgtv09uoh3ova8sjbze,female,20,J40192
1291,Class9,4e693829528e3e7de62a,male,22,J87654
1292,Class9,4aa8ff74dc576b7adbcd,male,21,J87654
1293,Class9,792e3326f0d9f68389d9,female,23,J57489
1294,Class9,9b913075e93b2b788102,female,22,J78901
1295,Class9,1c2aef3af32f6323a31d,male,19,J87654
1296,Class9,9f0ce6d4cdf9d1772417,female,20,J87654
1297,Class9,db0241cf536c2174d9ed,female,23,J23517
1298,Class9,2c27d4de6ae130e7e242,female,18,J40192
1299,Class9,2b3492096a4d12bb86cd,male,23,J57489
1300,Class9,f8c2f04e8e116f0fd237,male,21,J23517
1301,Class9,2a6394114c31a10dc92b,female,21,J40192
1302,Class9,0559e9cf806dab4cc20d,male,22,J78901
1303,Class9,6c14ce386a9cda72549c,male,23,J87654
1304,Class9,2007f4965d2aa6064a25,female,20,J57489
1305,Class9,6fa0b38bfd05105503a1,male,18,J57489
1306,Class9,3e4e608ace87fe97bdb5,female,21,J23517
1307,Class9,d554e419f820fa5cb0ca,male,19,J40192
1308,Class9,b8d20bc2e0d3d86f5613,male,24,J57489
1309,Class9,df62b7675d1fdb8e6b11,female,23,J78901
1310,Class9,ff63c210b94623453b5f,female,18,J87654
1311,Class9,a2f48a796e250a14ff55,male,22,J40192
1312,Class9,8975db410fd78d462688,female,23,J78901
1313,Class9,dac03bcbefc3a08c8b50,female,24,J23517
1314,Class9,d7464b55181ef45e2d63,female,20,J87654
1315,Class9,663aff87732c52f0e342,female,18,J78901
1316,Class9,c3beec92b66ff78a6ba9,male,21,J87654
1317,Class9,7535fe5ae754da62a534,female,18,J23517
1318,Class9,d9dfc134efd3826bdaed,male,18,J23517
1319,Class9,e2ea6dbbe90983dbb208,female,18,J23517
1320,Class9,6efd2d79656d1b056f72,female,22,J23517
1321,Class9,d5067bceac0ffa5e4704,male,21,J40192
1322,Class9,ebe7a295f61c831b0093,male,19,J78901
1323,Class9,fc916744a3bd5120978f,female,24,J40192
1324,Class9,7c30aec52f13bebe07a6,male,23,J87654
1325,Class9,2d9a38c93e37bc475cb6,male,24,J23517
1326,Class9,a1a127e2bf29c380819c,female,21,J78901
1327,Class9,2c7d02c44b47e3d24d52,female,18,J57489
1328,Class9,ce9dd8f1570caa0d6f5b,male,22,J87654
1329,Class9,7c039dde693a18f3a834,female,22,J40192
1330,Class9,hjcfqm1yfzh8s77mo3ec,male,18,J78901
1331,Class9,1hues7esy9erdsses6m0,male,23,J40192
1332,Class9,p58nsuk0hj5uh2xk2k9p,male,21,J57489
1333,Class9,5l1b1ma70rilf7mojch5,female,19,J78901
1334,Class9,zylvq01zq0hxavbvsd2f,male,21,J23517
1335,Class9,4ycyhj8tyx2b17fcx29j,male,18,J57489
1336,Class9,n1nh33yq3nhwt4mx36yc,male,21,J57489
1337,Class9,jtbq3gkfw2tcsjvfwm56,male,18,J57489
1338,Class9,oriig6s6fmvi4f7mxamy,male,24,J87654
1339,Class9,i3b6qk80m9jqwgft968o,female,23,J78901
1340,Class9,2svwdpmdpjsdzafekntw,male,23,J78901
1341,Class9,81kmylu471y1njt1pin3,female,20,J87654
1342,Class9,e9vzigim3qs88f721ohz,female,18,J87654
1343,Class9,8rsw4xhmff15occogf32,female,18,J57489
1344,Class9,siv6gzi7una85o8fzrwi,male,24,J87654
1345,Class9,ti44fbogdeqbfflbizj7,female,18,J87654
1346,Class9,5rxl72n8rmnxwrxcss0q,male,18,J23517
1347,Class9,tbypawuj167ycyvg8sc2,male,24,J40192
1348,Class9,10xnkvdetxarrkdhx4i9,female,23,J57489
1349,Class9,s8uk59p9w5ck47wlw3ea,female,23,J40192
1350,Class9,y0bdtutppfdzzttzq8dy,female,24,J57489
1351,Class9,ipd72mytvphpd9tcejgb,male,21,J40192
1352,Class9,0dapvs3h4h3h1ahmt2o8,female,20,J23517
1353,Class9,95jqkrj6zv7qf1wz1p8e,female,23,J87654
1354,Class9,jivt017uwst4sg4fqlek,female,22,J78901
1355,Class9,9jq31h6i3ny1lx0mx89e,male,23,J78901
1356,Class9,cm2celd9hmos24j2a5cg,female,22,J78901
1357,Class9,wmes720kojsggeq71m5y,male,20,J23517
1358,Class9,8nqoz5k93j7it8w0muhl,female,23,J78901
1359,Class9,6qp85ufr2o1zg8k0cvtb,female,18,J78901
1360,Class9,5zczdtyecu2w495j80xv,male,21,J23517
1361,Class9,bt192zri52uj2flwikrw,male,20,J23517
1362,Class9,qol4cum3ewnz45dzpijx,male,23,J23517
1363,Class9,k8d21tlgxmu6i35atvub,male,18,J87654
1364,Class9,vd2j77wynysztt2wbv2v,male,24,J57489
